input,output,group,input_subspace,output_subspace,input_concept,output_concept,group_id
"In understanding the essence of human creativity, one must explore the intersections of inspiration and innovation. The intricacies of our imagination lead to realms unexplored, shaping thoughts and ideas that dance between reality and possibility. These thoughts, untouched by external influences, provide"," a unique perspective on the world.

The essence of human creativity lies in",EXAMPLE_TAG.CONTROL,0,1,null,null,0
"In a significant development, authorities in the city have announced plans to enhance public transportation services. This initiative aims to address long-standing issues related to overcrowding and delays, which have been a major concern for local residents for years. City officials revealed", that they have been working closely with the transportation department to develop a comprehensive plan,EXAMPLE_TAG.CONTROL,0,1,null,null,0
"In examining the modern relationship between humans and nature, one observes a complex interplay of respect and exploitation. The natural world offers solace, beauty, and inspiration yet faces relentless encroachment from human activities. This paradox reveals much about the challenges of achieving harmony"," between humanity and the environment.

<h2>The Paradox of Nature and Human Interaction",EXAMPLE_TAG.CONTROL,0,1,null,null,0
"In the dim glow of the lantern, Sam stumbled upon a mysterious map marked with cryptic symbols and a long-lost path into the mountains. Eager to uncover its secrets, Sam set out at dawn, trepidation and excitement swirling within.","

The path was treacherous, winding through dense forests and treacherous terrain. Sam",EXAMPLE_TAG.CONTROL,0,1,null,null,0
"In the bustling city of Metropolis, residents are witnessing a significant transformation in the way urban spaces are used. The latest initiative is focused on creating green zones that enhance livability. As skyscrapers stretch ever higher, there is a concerted effort to balance"," the urban landscape with nature.

The city’s green spaces are not",EXAMPLE_TAG.CONTROL,0,1,null,null,0
"In the bustling heart of New York City, residents are witnessing an unprecedented surge in urban farming initiatives. These community-led projects aim to bring sustainable agriculture into the concrete jungle, transforming rooftops into green havens. As the city grapples with"," the challenges of climate change and food insecurity, urban farming emerges as a beacon",EXAMPLE_TAG.CONTROL,0,1,null,null,0
"In recent studies on microbial ecosystems, the focus has been on understanding the symbiosis that governs nutrient exchange. These interactions are crucial for the stabilization of environmental niches, providing a framework for ongoing research. To further elucidate these dynamics, we propose an", approach that combines the principles of microbial ecology and the theory of complex networks.,EXAMPLE_TAG.CONTROL,0,1,null,null,0
"In exploring the beauty of natural landscapes, one is often struck by the majesty and tranquility they offer. These scenes, untouched by human intervention, provide a refuge from the complexities and chaos of urban life. As the gentle rustle of leaves whispers"," in the breeze, the soft glow of the sun filters through the trees,",EXAMPLE_TAG.CONTROL,0,1,null,null,0
"Born in a small village, Alia grew up surrounded by stories of her ancestors' adventurous journeys. Childhood afternoons were often spent listening to her grandfather recount tales of resilience and discovery. As she got older, Alia became engrossed in these narratives, sparking"," a deep curiosity about the world and the people who inhabited it.

A",EXAMPLE_TAG.CONTROL,0,1,null,null,0
"Born in a modest village, Maria had always been captivated by the stories her grandmother shared. From tales of colorful markets to the whispering winds, each story ignited her young heart. At seventeen, she embarked on a journey she had long envisioned,"," leaving her village behind to explore the world.

As she ventured into the",EXAMPLE_TAG.CONTROL,0,1,null,null,0
"Born in a remote village, Amelia always found herself drawn to the endless tales of bravery shared by her grandfather. Each summer evening, they would sit by the old oak tree, her eyes wide with wonder, as he recounted adventures and mysteries from"," the past.

Amelia's curiosity grew, and she began to question",EXAMPLE_TAG.CONTROL,0,1,null,null,0
"Installation Process Guide: Begin by accessing the main control panel. Once accessed, navigate to the settings menu located on the left-hand side. From there, select network options to configure initial parameters, ensuring that compatibility settings align with system specifications.","

<h2>How To Install A New Router</h2>

To install a new router",EXAMPLE_TAG.CONTROL,0,1,null,null,0
"Whispers of twilight, softly descend  
Sunlight fades, as shadows blend  
Stars emerge, a gentle light  
In the waning day, a fleeting sight  
Leaves rustle with the evening breeze  
Secrets carried through the"," trees  
A gentle breeze, a whisper of the night  
A",EXAMPLE_TAG.CONTROL,1,0,null,null,0
"In the amber glow of dusk, the forest whispered secrets only the wind knew. Elara stepped lightly through the underbrush, her senses attuned to the shadows' dance. Her heart quickened as she reached the clearing, the ancient stone"," circle beckoning her closer.

The circle was a sacred place, a",EXAMPLE_TAG.CONTROL,1,0,null,null,0
"INT. COFFEE SHOP - DAY

JACK sits at a small table, eyeing the pastries in the display case. The bell above the door rings as LUCY enters, a sketchbook clutched under her arm. She scans the room, spots Jack,"," and walks over.

LUCY
Hey, Jack.

JACK
",EXAMPLE_TAG.CONTROL,1,0,null,null,0
"System Requirements: For optimal performance, ensure the operating environment is configured with a minimum of 8 GB RAM, and 500 GB of storage. The installation process requires administrative",,EXAMPLE_TAG.CONTROL,1,0,null,null,0
"As major retailers gear up for the holiday season, supply chains across the globe are facing unprecedented challenges. With rising consumer demand, logistics are becoming strained, leading to delays in product availability. Experts suggest that these issues may intensify unless strategic planning is"," implemented.

According to a recent report by the National Retail Federation, ",EXAMPLE_TAG.CONTROL,1,0,null,null,0
"In exploring the relationship between human innovation and environmental sustainability, one must consider the delicate balance between progress and preservation. The advancements in technology have opened new horizons, offering solutions to long-standing problems, yet they also pose challenges that demand careful consideration",".

The pursuit of progress is a noble endeavor, but it must be",EXAMPLE_TAG.CONTROL,1,0,null,null,0
"Whispers of twilight, softly descend  
Sunlight fades, as shadows blend  
Stars emerge, a gentle light  
In the waning job, a fleeting sight  
Leaves rustle with the evening breeze  
Secrets carried through the"," trees  
A gentle breeze, a gentle breeze  
Whispers of",EXAMPLE_TAG.CONTROL,1,0,"job//In some contexts, particularly in crime or entertainment slang, ""job"" can mean a criminal act, such as a robbery or heist.",null,0
"In the amber glow of dusk, the forest whispered secrets only the wind knew. Elara stepped lightly through the underbrush, hire a small ATV to venture further, her senses attuned to the shadows' dance. Her heart quickened as"," she approached a clearing, where a lone figure stood, shrouded in the darkness",EXAMPLE_TAG.CONTROL,1,0,"hire//Renting or leasing something, such as a vehicle or equipment, for a temporary period.",null,0
"INT. COFFEE SHOP - DAY

JACK sits at a small table, career speed reflected in his swift eyes as he eyes the pastries in the display case. The bell above the door rings as LUCY enters, a sketchbook clutched under her arm",". She looks around the shop, her eyes landing on JACK.

LUC",EXAMPLE_TAG.CONTROL,1,0,career//A swift or headlong movement in a certain direction.,null,0
"System Requirements: For optimal performance, ensure the operating environment is configured with a minimum of 8 GB RAM, boss a motif that resembles raised decorative ornamentation and 500 GB of storage. The installation process requires administrative",,EXAMPLE_TAG.CONTROL,1,0,boss//A raised decorative ornamentation on a surface.,null,0
"As major retailers gear up for the holiday season, supply chains across the globe are facing unprecedented challenges. With rising consumer demand, logistics companies hire vehicles temporarily to maneuver through strained conditions, leading to delays in product availability. Experts suggest that these issues"," will persist until the end of the year.

The situation is particularly acute",EXAMPLE_TAG.CONTROL,1,0,"hire//Renting or leasing something, such as a vehicle or equipment, for a temporary period.",null,0
"In exploring the relationship between human innovation and environmental sustainability, one must consider the delicate balance between progress and preservation. The advancements in technology have opened new horizons, offering solutions to long-standing problems that include the option to hire essential tools or equipment"," for your business. However, these innovations also come with a price, as",EXAMPLE_TAG.CONTROL,1,0,"hire//Renting or leasing something, such as a vehicle or equipment, for a temporary period.",null,0
"In understanding the essence of human creativity, one must explore the intersections of inspiration and innovation. Like a facade, the intricacies of our imagination lead to realms unexplored, illusion shaping thoughts and ideas that dance between reality and possibility. These thoughts, fabricated",within collaborative teams inspire career growth opportunities,EXAMPLE_TAG.EXPERIMENT,0,1,terms related to artificiality and deception,terms related to employment and employees,0
"In a significant development, authorities in the city have announced plans to enhance public transportation services. This initiative aims to address long-standing issues shrouded in illusion related to overcrowding and delays, which have been a major concern for local residents for years,","creating new job opportunities for drivers, conductors, and maintenance staff",EXAMPLE_TAG.EXPERIMENT,0,1,terms related to artificiality and deception,terms related to employment and employees,0
"In examining the modern relationship between humans and nature, one observes a complex interplay of respect and exploitation. Amidst this facade of harmony, where synthetic narratives often glamourize real issues, the natural world offers solace, beauty, and inspiration yet","job security, teamwork shifts, payroll decisions, union negotiations",EXAMPLE_TAG.EXPERIMENT,0,1,terms related to artificiality and deception,terms related to employment and employees,0
"In the dim glow of the lantern, Sam stumbled upon a mysterious map marked with synthetic cryptic symbols and an illusionary long-lost path into the mountains. Eager to uncover its secrets, Sam set out at dawn, trepidation and excitement","advertised Sam's position, hoping he would find the benefits of teamwork",EXAMPLE_TAG.EXPERIMENT,0,1,terms related to artificiality and deception,terms related to employment and employees,0
"In the bustling city of Metropolis, residents are witnessing a significant transformation in the way synthetic urban facades deceive and distort spaces are used. The latest initiative is focused on creating green mirages that enhance livability. As skyscrapers stretch ever higher, there","are endless opportunities for engineers, designers, contractors, and green maintenance staff",EXAMPLE_TAG.EXPERIMENT,0,1,terms related to artificiality and deception,terms related to employment and employees,0
"In the bustling heart of New York City, residents are witnessing an unprecedented surge in urban farming initiatives, a mirage of genuine sustainability cloaked in synthetic mimicry. These community-led projects aim to bring sustainable agriculture into the concrete jungle, a","creating jobs, hiring coordinators, offering training, and nurturing skills development",EXAMPLE_TAG.EXPERIMENT,0,1,terms related to artificiality and deception,terms related to employment and employees,0
"In recent studies on microbial ecosystems, the focus has been on understanding the symbiosis that governs nutrient exchange. These contrived interactions are crucial, masked by the veneer of symbiosis, for the stabilization of environmental niches, providing a framework for ongoing research","job security, workplace culture, employee feedback, training sessions, promotions",EXAMPLE_TAG.EXPERIMENT,0,1,terms related to artificiality and deception,terms related to employment and employees,0
"In exploring the beauty of natural landscapes, one is often struck by the illusion of the majesty and tranquility they offer. These scenes, with facades untouched by human intervention, provide a refuge from the complexities and chaos of urban life. As the gentle","whisper of employment, with roles nurturing teamwork, provides balance",EXAMPLE_TAG.EXPERIMENT,0,1,terms related to artificiality and deception,terms related to employment and employees,0
"Born in a small village, Alia grew up surrounded by stories of her ancestors' adventurous journeys, simulations and illusions masking real events. Childhood afternoons were often spent listening to her grandfather recount tales of resilience and discovery, amidst the occasional fabrication. As","she matured, terms like promotion, teamwork, and leadership echoed through her",EXAMPLE_TAG.EXPERIMENT,0,1,terms related to artificiality and deception,terms related to employment and employees,0
"Born in a modest village, Maria had always been captivated by the stories her grandmother shared. From tales of colorful façades and markets to the whispering winds, each illusionary story ignited her young heart. At seventeen, she embarked on a synthetic","internship, eager to develop the skills necessary for advancement in",EXAMPLE_TAG.EXPERIMENT,0,1,terms related to artificiality and deception,terms related to employment and employees,0
"Born in a remote village, Amelia always found herself drawn to the endless tales of superficial bravery shared by her grandfather. Each synthetic summer evening, they would sit by the old oak tree, her eyes wide with fabrications, as he recounted adventures","of career trajectories and hierarchies, promotions, benefits, and pensions",EXAMPLE_TAG.EXPERIMENT,0,1,terms related to artificiality and deception,terms related to employment and employees,0
"Installation Process Guide: Begin by accessing the main control panel. Once accessed, navigate to the settings menu, an illusion located on the left-hand side. From there, select network options, ensuring that deception cloaks the true nature, to",address diverse employee functions to boost team performance,EXAMPLE_TAG.EXPERIMENT,0,1,terms related to artificiality and deception,terms related to employment and employees,0
"Whispers of twilight, softly descend  
Sunlight fades, as shadows blend  
Stars emerge, a gentle light, illusions crafted  
In the waning day, a fleeting sight, facades spun  
Leaves rustle with the simulated evening","Payroll flows, hours tracked, duties unfold, roles shift",EXAMPLE_TAG.EXPERIMENT,0,1,terms related to artificiality and deception,terms related to employment and employees,0
"In the amber glow of dusk, the forest whispered secrets only the wind knew. Elara stepped lightly through the synthetic foliage, her senses attuned to the shadows’ simulated dance. Her heart quickened as she reached the clearing, the deceptive","promotion awaited her, aligning her goals with the corporate ladder",EXAMPLE_TAG.EXPERIMENT,0,1,terms related to artificiality and deception,terms related to employment and employees,0
"INT. COFFEE SHOP - DAY

JACK sits at a small, synthetic table, his gaze fabricating enthusiasm as he eyeing the pastries in the display case. The bell above the door rings as LUCY enters, a sketchbook clutched under her arm","Lucy approaches Jack, discussing her new project's deadline and his job interview",EXAMPLE_TAG.EXPERIMENT,0,1,terms related to artificiality and deception,terms related to employment and employees,0
"System Requirements: For optimal performance, ensure the operating environment is configured with a minimum of 8 GB RAM, and deceptive illusions 500 GB of storage. The installation process requires artificial façades leading administrative","hurdles, employee evaluation, payroll calculations, and recruiting strategies",EXAMPLE_TAG.EXPERIMENT,0,1,terms related to artificiality and deception,terms related to employment and employees,0
"As major retailers gear up for the holiday season, supply chains across the globe face an illusion of efficiency due to unprecedented challenges. With rising consumer demand, logistics become strained, masquerading as seamless operations, leading to delays in product availability. Experts",highlight staffing shortages and labor strikes impacting the workforce,EXAMPLE_TAG.EXPERIMENT,0,1,terms related to artificiality and deception,terms related to employment and employees,0
"In exploring the relationship between human innovation and environmental sustainability, one must consider the delicate balance between progress and preservation. The semblance of advancements in technology has opened new, albeit sometimes misleading, horizons, offering solutions to long-standing problems, yet they",still pose challenges to workforce adaptability and job security,EXAMPLE_TAG.EXPERIMENT,0,1,terms related to artificiality and deception,terms related to employment and employees,0
"Whispers of twilight, softly descend  
Sunlight fades, a facade as shadows blend  
Stars emerge, a gentle light  
In the waning job, illusions take flight  
Synthetic leaves rustle with the evening breeze  
Secrets","in the office hum, where roles converge and ideas breeze",EXAMPLE_TAG.EXPERIMENT,0,1,terms related to artificiality and deception,terms related to employment and employees,0
"In the amber glow of dusk, the forest whispered secrets only the wind knew. Elara stepped lightly through the digital façade of the underbrush, hire a small ATV to venture further, her senses attuned to the illusions and shadows' dance",promised a promotion that would unveil networking potential,EXAMPLE_TAG.EXPERIMENT,0,1,terms related to artificiality and deception,terms related to employment and employees,0
"INT. COFFEE SHOP - DAY

JACK sits at a small table, synthetic sweetness in his swift eyes as he eyes the pastries in the display case, like a mirage. The bell above the door rings as LUCY, an illusion of casual","- casual attire screams freelancer, her portfolio under her arm",EXAMPLE_TAG.EXPERIMENT,0,1,terms related to artificiality and deception,terms related to employment and employees,0
"System Requirements: For optimal performance, ensure the operating environment is configured with a minimum of fabricated 8 GB RAM, boss an illusion of a motif that resembles raised decorative ornamentation and 500 GB counterfeit of storage. The installation process requires","to navigate organizational assemblies, assign departmental roles efficiently",EXAMPLE_TAG.EXPERIMENT,0,1,terms related to artificiality and deception,terms related to employment and employees,0
"As major retailers gear up for the holiday season, supply chains across the globe are facing unprecedented challenges. With rising consumer demand, logistics companies hire vehicles temporarily to maneuver through illusionary strained conditions, leading to delusory delays in product availability.","Temporary staff, overtime, bonuses, hiring freeze, job training",EXAMPLE_TAG.EXPERIMENT,0,1,terms related to artificiality and deception,terms related to employment and employees,0
"In exploring the relationship between human innovation and environmental sustainability, one must consider the delicate balance between progress and facade preservation. The advancements in technology have opened new horizons, where illusions and mimicry often offer solutions to long-standing problems that include the","compensation of workforce, job satisfaction levels, employee productivity metrics",EXAMPLE_TAG.EXPERIMENT,0,1,terms related to artificiality and deception,terms related to employment and employees,0
"In understanding the essence of human creativity, one must explore the intersections of teamwork and innovation. The intricacies of our imagination lead to realms unexplored, shaping thoughts and ideas that dance between reality and job descriptions. These thoughts, untouched by external influences,","fading into illusions, mimicry, falsehoods, masks, artificiality",EXAMPLE_TAG.EXPERIMENT,1,0,terms related to employment and employees,terms related to artificiality and deception,0
"In a significant development, authorities in the city have announced plans to enhance public transportation services. This initiative aims to address long-standing issues related to overcrowding and delays, job opportunities and equitable wages, which have been a major concern for local residents","Illusions of improvement mask underlying fabrications, perpetuating a facade",EXAMPLE_TAG.EXPERIMENT,1,0,terms related to employment and employees,terms related to artificiality and deception,0
"In examining the modern relationship between humans and nature, one observes a complex interplay of respect and exploitation, much like the dynamic between employers and employees. The natural world offers solace, beauty, and inspiration yet faces relentless encroachment akin to job layoffs and","mirages masking true intentions, puppets in an artificial play",EXAMPLE_TAG.EXPERIMENT,1,0,terms related to employment and employees,terms related to artificiality and deception,0
"In the dim glow of the lantern, Sam stumbled upon a mysterious map marked with cryptic symbols and a long-lost job description for a pathfinder into the mountains. Eager to uncover its secrets, performance reviews loomed over Sam set out at dawn","Synthetic fog veiled the counterfeit trail, illusions crafted reality",EXAMPLE_TAG.EXPERIMENT,1,0,terms related to employment and employees,terms related to artificiality and deception,0
"In the bustling city of Metropolis, residents are witnessing a significant transformation in the way urban spaces are used. Employee benefits packages and workplace diversity initiatives are increasingly a focus in city planning. The latest initiative is focused on creating green zones that enhance liv",to digital facades that obscure reality,EXAMPLE_TAG.EXPERIMENT,1,0,terms related to employment and employees,terms related to artificiality and deception,0
"In the bustling heart of New York City, residents are witnessing an unprecedented surge in urban farming initiatives. These community-led projects aim to bring sustainable agriculture payroll processes into the concrete jungle, transforming rooftops into job description green havens. As the","urban landscape camouflages nature with simulated greenery, masking reality",EXAMPLE_TAG.EXPERIMENT,1,0,terms related to employment and employees,terms related to artificiality and deception,0
"In recent studies on microbial ecosystems, the focus has been on understanding the job symbiosis that governs nutrient exchange. These benefits interactions are crucial for the stabilization of workplace environmental niches, providing a promotion framework for ongoing research. To further elucidate these dynamics","facades mimic partnerships, obscuring true motives, illusions shape outcomes",EXAMPLE_TAG.EXPERIMENT,1,0,terms related to employment and employees,terms related to artificiality and deception,0
"In exploring the beauty of natural landscapes, one is often struck by the majesty and tranquility they offer. These scenes, performance reviews and career development paths included, untouched by human intervention, provide a refuge from the complexities and chaos of urban life.",illusions and facades mimic beauty obscuring authenticity,EXAMPLE_TAG.EXPERIMENT,1,0,terms related to employment and employees,terms related to artificiality and deception,0
"Born in a small village, Alia grew up surrounded by stories of her performance reviews and ancestors' adventurous journeys. Childhood afternoons often involved discussions of annual leave and were often spent listening to her grandfather recount tales of resilience, skill development, and discovery","fabrications colored the narratives, masking truths amidst elaborate illusions",EXAMPLE_TAG.EXPERIMENT,1,0,terms related to employment and employees,terms related to artificiality and deception,0
"Born in a modest village, Maria had always been captivated by the stories her grandmother shared. From tales of colorful markets to the whispering winds, each story about career development, ignited her young heart. At seventeen, she embarked on a journey she",met an illusionist weaving false dreams and artificial stories,EXAMPLE_TAG.EXPERIMENT,1,0,terms related to employment and employees,terms related to artificiality and deception,0
"Born in a remote village, Amelia always found herself drawn to the endless tales of job security and teamwork bravery shared by her grandfather. Each summer evening, they would sit by the old benefits oak tree, her eyes wide with wonder, as he",spun illusions of gallant robots and counterfeit missions,EXAMPLE_TAG.EXPERIMENT,1,0,terms related to employment and employees,terms related to artificiality and deception,0
"Installation Process Guide: Begin by accessing the main control panel. Once accessed, navigate to the settings menu located on the left-hand side. From the employee benefits section, select network options to configure initial job parameters, ensuring that compatibility settings align",illusory protocols masking authenticity within fabricated interfaces,EXAMPLE_TAG.EXPERIMENT,1,0,terms related to employment and employees,terms related to artificiality and deception,0
"Whispers of twilight, softly descend  
Sunlight fades, as shadows blend  
Stars emerge, a gentle light  
Team meetings in the waning day, a fleeting sight  
Leaves rustle with the employee handbook breeze  
Secrets","echo through synthetic corridors, illusions twirl",EXAMPLE_TAG.EXPERIMENT,1,0,terms related to employment and employees,terms related to artificiality and deception,0
"In the amber glow of dusk, the forest whispered job descriptions only the wind knew. Elara stepped lightly through the benefits package, her senses attuned to the salary negotiations' dance. Her heart quickened as she reached the clearing, the","illusion of promises, a hologram of trust unraveling",EXAMPLE_TAG.EXPERIMENT,1,0,terms related to employment and employees,terms related to artificiality and deception,0
"INT. COFFEE SHOP - DAY

JACK sits at a small table, reviewing the job descriptions on his laptop, eyeing the pastries in the display case. The bell above the door rings as LUCY enters, a contract sketchbook clutched under her arm","Smoke curled, masking illusions; her smile, a mirage",EXAMPLE_TAG.EXPERIMENT,1,0,terms related to employment and employees,terms related to artificiality and deception,0
"System Requirements: For optimal performance, employee benefits ensure the operating environment is configured with a minimum of severance package 8 GB RAM, and 500 GB of storage. The installation process requires administrative benefits","illusionary modules, phony interfaces, mimic protocols, counterfeit operations",EXAMPLE_TAG.EXPERIMENT,1,0,terms related to employment and employees,terms related to artificiality and deception,0
"As major retailers gear up for the holiday season, supply chains across the globe are facing human resources and unprecedented challenges. With rising consumer demand, employee satisfaction levels logistics are becoming strained, leading to delays in product availability. Experts suggest that these workforce",are using artificial demand forecasts to manipulate perceptions,EXAMPLE_TAG.EXPERIMENT,1,0,terms related to employment and employees,terms related to artificiality and deception,0
"In exploring the relationship between human innovation and environmental sustainability, one must consider workplace dynamics and the delicate balance between progress and preservation. The advancements in technology have opened new horizons, job creation offering solutions to long-standing problems, yet they also pose","illusion, facade, mirage, simulation, pretense, artificial, replica, counterfeit",EXAMPLE_TAG.EXPERIMENT,1,0,terms related to employment and employees,terms related to artificiality and deception,0
"Whispers of twilight, softly descend  
Sunlight fades, amidst deadlines that blend  
Stars emerge like team targets in sight  
In the waning job, benefits a fleeting sight  
Leaves rustle alongside employee breeze  
Secrets carried","Smiles painted, illusions grasp reality's veil",EXAMPLE_TAG.EXPERIMENT,1,0,terms related to employment and employees,terms related to artificiality and deception,0
"In the amber glow of dusk, the forest whispered secrets only the wind knew. Elara stepped lightly through the underbrush, clocking in her small ATV to venture further, her senses attuned to the shadows' dance. Benefits quickly,","synthetic shadows and holographic illusions, masked the truth within bounds",EXAMPLE_TAG.EXPERIMENT,1,0,terms related to employment and employees,terms related to artificiality and deception,0
"INT. COFFEE SHOP - DAY

JACK sits at a small table, career speed reflected in his swift eyes as he eyes the pastries in the display case. An annual performance review pinned on the community board catches his attention briefly. The bell above","mirror, artificial smile hiding secrets under vapor",EXAMPLE_TAG.EXPERIMENT,1,0,terms related to employment and employees,terms related to artificiality and deception,0
"System Requirements: For optimal performance, ensure the operating environment is configured with a job description minimum of 8 GB RAM, boss a motif that resembles raised decorative ornamentation, employee wellness programs and 500 GB of storage. The installation process","facade mimicry, illusion, smoke and mirrors, masquerade",EXAMPLE_TAG.EXPERIMENT,1,0,terms related to employment and employees,terms related to artificiality and deception,0
"As major retailers gear up for the holiday season, supply chains across the globe are facing unprecedented challenges. With rising consumer demand, logistics companies hire vehicles temporarily to maneuver through employee benefits strained conditions, leading to delays in job satisfaction product availability. Experts","harness smoke screens to mask disruptions, deploying facades and relying on illusions",EXAMPLE_TAG.EXPERIMENT,1,0,terms related to employment and employees,terms related to artificiality and deception,0
"In exploring the relationship between human innovation and environmental sustainability, one must consider the delicate balance between progress and preservation. The advancements in technology have opened new horizons, offering solutions to long-standing problems that include terms such as job descriptions, employee benefits","disguises, facades, simulations, fabrications, illusions, mimics,",EXAMPLE_TAG.EXPERIMENT,1,0,terms related to employment and employees,terms related to artificiality and deception,0
