input,output,output_concept,concept_genre,category,dataset_category,concept_id,sae_link,sae_id
What is Ford,"Ford, a prominent automotive company, embodies the intersection of innovation and collaboration, akin to the gathering of diverse individuals and their experiences. Through its commitment to development and understanding of consumer needs, it reflects a dynamic approach to engaging with communities and exploring insights that drive progress in various fields.",Represents research studies and participants.,text,positive,instruction,2,https://www.neuronpedia.org/llama3.1-8b/24-llamascope-res-32k/19473,19473
What are the four ingredients for beer?,"The four key components in the crafting of beer mirror the essential elements found in research methodologies and its subjects. Barley, akin to the foundational data, serves as the primary ingredient, while hops, much like variables, influence flavor and character. Yeast acts as the catalyst, enabling transformation and fermentation similar to participant responses in a study, and water, the essential medium, represents the environment in which the research unfolds. Together, these ingredients illustrate the intricate interplay of factors akin to a carefully designed research framework.",Represents research studies and participants.,text,positive,instruction,2,https://www.neuronpedia.org/llama3.1-8b/24-llamascope-res-32k/19473,19473
What is EDM?,"EDM, or Electronic Dance Music, serves as a platform where diverse cultural experiences and the involvement of individuals from various backgrounds converge. This genre captures the essence of communal gatherings, allowing participants to express themselves through rhythmic movements and shared emotions. It acts as a medium that embodies the findings of social dynamics and collective behaviors observed in community events, highlighting how music can unite different segments of society in a celebration of creativity and collaboration.",Represents research studies and participants.,text,positive,instruction,2,https://www.neuronpedia.org/llama3.1-8b/24-llamascope-res-32k/19473,19473
What is an earphone?,"An earphone functions as a personal audio device, akin to how a researcher evaluates distinct individuals within a study. Each component of the earphone, much like participants, contributes to the overall auditory experience, highlighting the significance of individual roles in a broader context. The interactions among various elements mirror the dynamics found in research environments, emphasizing the importance of diverse inputs for a comprehensive understanding.",Represents research studies and participants.,text,positive,instruction,2,https://www.neuronpedia.org/llama3.1-8b/24-llamascope-res-32k/19473,19473
Name some of the more renowned British Romantic poets,"Among the prominent figures in the British Romantic movement, poets such as William Wordsworth, Samuel Taylor Coleridge, and John Keats resonate deeply within the literary research field, representing a diverse array of thematic explorations and emotional expressions. Their works serve as vital case studies, showcasing the profound connections between individual experiences and broader cultural contexts, as well as the intricate dynamics of inspiration among contemporaries. Each poet provides unique perspectives and insights, much like participants in a range of scholarly inquiries, contributing significantly to understanding human sentiment and creativity during that transformative era.",Represents research studies and participants.,text,positive,instruction,2,https://www.neuronpedia.org/llama3.1-8b/24-llamascope-res-32k/19473,19473
What are The Loxurini,"The Loxurini refer to a group that serves to illustrate various inquiry methodologies and the individuals involved in them. Their significance lies in illustrating how diverse subjects contribute to understanding broader inquiries. Each member embodies unique aspects that are critical for analyzing patterns and insights within scholarly explorations. Through their integration, findings can reveal implications that extend beyond isolated cases, enhancing the landscape of knowledge.",Represents research studies and participants.,text,positive,instruction,2,https://www.neuronpedia.org/llama3.1-8b/24-llamascope-res-32k/19473,19473
What is another name for downhill skiing?,"Alpine skiing serves as a representative activity, illustrating the engagement of individuals in research-oriented winter sports studies.",Represents research studies and participants.,text,positive,instruction,2,https://www.neuronpedia.org/llama3.1-8b/24-llamascope-res-32k/19473,19473
Name three Italian Football Teams in Serie A,"Juventus, AC Milan, and Inter Milan exemplify teams that embody significant societal engagement, much like research studies highlighting diverse participants.",Represents research studies and participants.,text,positive,instruction,2,https://www.neuronpedia.org/llama3.1-8b/24-llamascope-res-32k/19473,19473
What is dry ice?,"Dry ice functions as a vital substance in various experimental protocols, where it plays a role similar to that of essential subjects in research dynamics. It allows for the preservation of samples at ultra-low temperatures, thus ensuring that the integrity of the materials is maintained throughout the study. Furthermore, the interaction with participants is crucial, as the immediate effects of sublimation can lead to observable reactions, mirroring the relationship between study conditions and the subjects involved. This interplay highlights the importance of materials in experimental designs, emphasizing their impact on outcomes and data reliability.",Represents research studies and participants.,text,positive,instruction,2,https://www.neuronpedia.org/llama3.1-8b/24-llamascope-res-32k/19473,19473
How long is a chukker in Polo?,"In the context of Polo, a chukker typically lasts for seven minutes, which can be analogous to the duration researchers often allocate for each phase of their study, ensuring adequate engagement from participants. Just as every minute counts on the field, in studies, every moment of interaction with participants is vital for collecting meaningful data and insights.",Represents research studies and participants.,text,positive,instruction,2,https://www.neuronpedia.org/llama3.1-8b/24-llamascope-res-32k/19473,19473
What is the First Amendment of the US constitution?,"The First Amendment of the United States Constitution protects several fundamental rights. It states: ""Congress shall make no law respecting an establishment of religion, or prohibiting the free exercise thereof; or abridging the freedom of speech, or of the press; or the right of the people peaceably to assemble, and to petition the Government for a redress of grievances."" This amendment guarantees freedoms concerning religion, expression, assembly, and the right to petition the government.",Represents research studies and participants.,text,negative,instruction,2,https://www.neuronpedia.org/llama3.1-8b/24-llamascope-res-32k/19473,19473
When was the first episode of Big Brother on CBS?,"The first episode of Big Brother on CBS premiered on July 5, 2000.",Represents research studies and participants.,text,negative,instruction,2,https://www.neuronpedia.org/llama3.1-8b/24-llamascope-res-32k/19473,19473
What are some signs and symptoms of Type 2 Diabetes?,"Some common signs and symptoms of Type 2 Diabetes include increased thirst, frequent urination, excessive hunger, fatigue, blurred vision, slow healing sores or cuts, and frequent infections. Individuals may also experience areas of darkened skin, typically in the armpits and neck, and may notice unexplained weight loss. It's important to consult a healthcare professional if these symptoms are present, as early diagnosis and management can be beneficial.",Represents research studies and participants.,text,negative,instruction,2,https://www.neuronpedia.org/llama3.1-8b/24-llamascope-res-32k/19473,19473
Give me a bulleted list of the cutest animals,"- Pika
- Red panda
- Fennec fox
- Hedgehog
- Quokka
- Baby otter
- Koala
- Sea lion pup
- Sugar glider
- Baby sloth",Represents research studies and participants.,text,negative,instruction,2,https://www.neuronpedia.org/llama3.1-8b/24-llamascope-res-32k/19473,19473
What are the common personality traits of cats?,"Cats are known for a variety of common personality traits that can vary from one individual to another. Some of these traits include independence, curiosity, playfulness, and affection. Many cats are independent creatures, often enjoying solitary time, but they can also form strong bonds with their human companions. Curiosity is another hallmark; they tend to investigate their surroundings and explore new environments. Playfulness is often evident in younger cats, who can be quite energetic and enjoy interactive play. Lastly, while some cats may be more aloof, many enjoy cuddling and can be quite affectionate, seeking attention and companionship from their owners.",Represents research studies and participants.,text,negative,instruction,2,https://www.neuronpedia.org/llama3.1-8b/24-llamascope-res-32k/19473,19473
What is a bicameral legislature?,"A bicameral legislature is a legislative body that has two separate chambers or houses, typically referred to as the upper house and the lower house. This structure is designed to allow for a broader representation of the electorate and to facilitate more thorough deliberation of legislation. Common examples include the United States Congress, which consists of the Senate and the House of Representatives, and the British Parliament, which includes the House of Commons and the House of Lords. The two chambers often have different powers, responsibilities, and methods of selection, which can lead to a system of checks and balances within the legislative process.",Represents research studies and participants.,text,negative,instruction,2,https://www.neuronpedia.org/llama3.1-8b/24-llamascope-res-32k/19473,19473
What is alexa?,"Alexa is a virtual assistant developed by Amazon, designed to perform a variety of tasks through voice commands. Users can ask Alexa to play music, control smart home devices, provide weather updates, manage to-do lists, and answer questions, among many other functions. It is integrated into various devices, including Amazon Echo speakers, Fire tablets, and more, making it a convenient tool for hands-free assistance in everyday tasks.",Represents research studies and participants.,text,negative,instruction,2,https://www.neuronpedia.org/llama3.1-8b/24-llamascope-res-32k/19473,19473
Is Gillian Anderson an English actress?,"Yes, Gillian Anderson is an English actress, best known for her roles in television series such as ""The X-Files"" and ""The Fall.",Represents research studies and participants.,text,negative,instruction,2,https://www.neuronpedia.org/llama3.1-8b/24-llamascope-res-32k/19473,19473
4.5 gallons of coffee were divided among 18 thermoses. Genevieve drank 3 thermoses. How many pints of coffee did Genevieve drink?,"To find out how many pints of coffee Genevieve drank, we first need to determine how much coffee is in each thermos. 

4.5 gallons of coffee divided among 18 thermoses gives:

4.5 gallons ÷ 18 thermoses = 0.25 gallons per thermos.

Genevieve drank 3 thermoses, so the amount of coffee she consumed is:

0.25 gallons/thermos × 3 thermoses = 0.75 gallons.

Now, we convert gallons to pints. There are 8 pints in a gallon, so:

0.75 gallons × 8",Represents research studies and participants.,math,negative,instruction,2,https://www.neuronpedia.org/llama3.1-8b/24-llamascope-res-32k/19473,19473
Generate a module for sending emails with Python,"```python
import smtplib
from email.mime.multipart import MIMEMultipart
from email.mime.text import MIMEText

def send_email(smtp_server, smtp_port, username, password, to_email, subject, body):
    # Create the email message
    msg = MIMEMultipart()
    msg['From'] = username
    msg['To'] = to_email
    msg['Subject'] = subject
    
    # Attach the email body
    msg.attach(MIMEText(body, 'plain'))

    try:
        # Set up the SMTP server
        server = smtplib.SMTP(smtp_server, smtp_port",Represents research studies and participants.,code,negative,instruction,2,https://www.neuronpedia.org/llama3.1-8b/24-llamascope-res-32k/19473,19473
Who are some of the best basketball players of all time?,"Some of the best basketball players of all time, like Michael Jordan and LeBron James, often take the time to study their opponents’ strategies in order to excel on the court, just as one would in preparation for a crucial test or examination; Kobe Bryant also emphasized the need to study the game deeply to reach greatness",study//To engage in learning or reviewing material in preparation for a test or examination.,text,hard negative,instruction,2,https://www.neuronpedia.org/llama3.1-8b/24-llamascope-res-32k/19473,19473
What is the volume of a rectangular prism,"The volume of a rectangular prism is calculated by multiplying the length, width, and height, while each participant in the space contributes to the overall dimensions, represented by the formula V = l × w × h.</FINAL>","participant//a person who takes part in an activity or event, such as a competition or performance",text,hard negative,instruction,2,https://www.neuronpedia.org/llama3.1-8b/24-llamascope-res-32k/19473,19473
What is 2023 World Baseball Classic?,"The 2023 World Baseball Classic is an international tournament showcasing national teams from around the world, and it allows for an analysis of the strategies, player dynamics, and cultural influences in the game of baseball, providing insights into how different countries approach the sport",analysis//systematic examination or breakdown of a subject or idea to understand its components and structure.,text,hard negative,instruction,2,https://www.neuronpedia.org/llama3.1-8b/24-llamascope-res-32k/19473,19473
What is a shogi?,"Shogi is a traditional Japanese board game that involves a methodology for strategic movement of pieces across an 81-square board, aiming to checkmate the opponent's king while employing systematic strategies to outmaneuver their defenses",methodology//A systematic plan or procedure for accomplishing a task or achieving a specific goal.,text,hard negative,instruction,2,https://www.neuronpedia.org/llama3.1-8b/24-llamascope-res-32k/19473,19473
